{
  "QML-IDS (Ours)": {
    "accuracy": 0.7033333333333334,
    "f1": 0.6610814927646611,
    "false_neg_rate": 0.21066666666666667
  },
  "SVM": {
    "accuracy": 0.796,
    "f1": 0.7889655172413793,
    "false_neg_rate": 0.11866666666666667
  },
  "Random Forest": {
    "accuracy": 0.9993333333333333,
    "f1": 0.9993328885923949,
    "false_neg_rate": 0.0006666666666666666
  }
}